iso3,country_name,region,incomeLevel,year,gdp_current_usd,gdp_real_growth_pct,gdp_per_capita_usd,inflation_cpi_pct,unemployment_pct,exports_gdp_pct,imports_gdp_pct,fiscal_balance_gdp_pct,fdi_inflow_gdp_pct
ASM,American Samoa,EAS,HIC,2015,673000000.0,3.14960629921259,12727.4102651386,,,63.5958395245171,98.8112927191679,,
ASM,American Samoa,EAS,HIC,2016,671000000.0,-1.67938931297709,12843.3342903627,,,63.9344262295082,95.230998509687,,
ASM,American Samoa,EAS,HIC,2017,612000000.0,-6.98757763975155,11863.6839452565,,,59.1503267973856,102.287581699346,,
ASM,American Samoa,EAS,HIC,2018,639000000.0,2.6711185308848,12552.0546868861,,,68.2316118935837,103.599374021909,,
ASM,American Samoa,EAS,HIC,2019,647000000.0,-0.487804878048777,12886.1359517218,,,61.6692426584235,94.8995363214838,,
ASM,American Samoa,EAS,HIC,2020,721000000.0,4.41176470588236,14489.2586563775,,,59.2233009708738,95.1456310679612,,
ASM,American Samoa,EAS,HIC,2021,750000000.0,-0.782472613458523,15236.1604875571,,,44.2666666666667,92.5333333333333,,
ASM,American Samoa,EAS,HIC,2022,871000000.0,1.73501577287065,18017.4589383973,,,46.9575200918485,77.7267508610792,,
ASM,American Samoa,EAS,HIC,2023,,,,,,,,,
ASM,American Samoa,EAS,HIC,2024,,,,,,,,,
AUS,Australia,EAS,HIC,2015,1351296372254.31,2.19016928695221,56739.0265346593,1.5083667216592,6.055,20.0661262864303,21.5978056416682,-2.61149575320241,3.47020901785018
AUS,Australia,EAS,HIC,2016,1206836962281.84,2.7593859723839,49888.0410842736,1.2769909449733,5.711,19.2787442533207,21.6953352224542,-2.33667126280374,3.56056595221134
AUS,Australia,EAS,HIC,2017,1325582658156.54,2.27959179820343,53901.7145392154,1.94864740944521,5.592,21.2566174818153,20.9471141947652,-1.75495191035783,3.63608951454837
AUS,Australia,EAS,HIC,2018,1427809041019.44,2.87846971467883,57196.4220783778,1.91140094445694,5.3,21.8940905352475,21.8419745445958,-0.494721898759259,4.25033304779982
AUS,Australia,EAS,HIC,2019,1392723834562.64,2.17154505737176,54972.7017885437,1.6107678729038,5.159,24.1596779983146,22.0278238953145,-0.141014389527345,2.78196787472132
AUS,Australia,EAS,HIC,2020,1328414058378.38,-0.119590735829973,51791.540179984,0.846905537459283,6.456,24.0267391579698,20.6377169074661,-4.97178379976817,1.35325605506287
AUS,Australia,EAS,HIC,2021,1556735770437.26,2.11116814768786,60607.7788605166,2.86391042204996,5.116,22.0566759771447,18.2458042920249,-6.86007722614873,2.0246819461122
AUS,Australia,EAS,HIC,2022,1690858246994.43,4.24238555336139,64997.0136536475,6.59409671341846,3.728,25.5315880289865,20.2901822017406,-1.35113968885938,4.16149504206489
AUS,Australia,EAS,HIC,2023,1728057316695.61,3.44199220009025,64835.9199754535,5.59701492537313,3.668,26.7992411333458,22.4259429260923,,1.91730721115443
AUS,Australia,EAS,HIC,2024,1752193307380.34,1.4311125201703,64407.484256932,3.16161428305747,4.072,24.705209306537,22.6090197065918,,3.09257917824853
BGD,Bangladesh,SAS,LMC,2015,195146608978.131,6.55263987816197,1224.38647668165,6.19428022984985,4.396,17.3366737865485,24.7493225204896,-1.33807311151329,1.4507824552936
BGD,Bangladesh,SAS,LMC,2016,265224515675.034,7.11347821270093,1649.28380858601,5.51352572692994,4.35,13.9212044814459,17.4129456531683,-1.22173341431013,0.879528340271998
BGD,Bangladesh,SAS,LMC,2017,293732446624.596,6.59024999794057,1811.08221668646,5.70207015717244,4.372,12.8197468906003,17.179983781834,-2.93968284398895,0.616341784631384
BGD,Bangladesh,SAS,LMC,2018,321362752441.78,7.31941263014136,1965.24372731467,5.54362139486472,4.407,12.6747879443391,19.8398437797492,-3.5361798688043,0.75354913412869
BGD,Bangladesh,SAS,LMC,2019,351231654603.692,7.88191515117722,2129.79896954606,5.59199639930633,4.441,13.0947573353039,18.4832971559365,-3.92879733231891,0.543244141585063
BGD,Bangladesh,SAS,LMC,2020,373979442362.193,3.44801755122445,2248.85078828233,5.69107474746208,5.436,10.4427880616037,15.8286593146113,-3.94714517667321,0.407859894856915
BGD,Bangladesh,SAS,LMC,2021,416271647911.014,6.93867912442445,2482.84917843357,5.54565430773475,5.327,10.6627789004134,17.0612258032497,-2.82210670527631,0.414118154040593
BGD,Bangladesh,SAS,LMC,2022,460131689083.083,7.09982877575158,2716.48592780431,7.69695437176898,4.593,12.8822264348985,20.897740835675,,0.355308723397177
BGD,Bangladesh,SAS,LMC,2023,437415333018.291,5.77511237007889,2551.01773827307,9.88350303779208,4.454,13.1571638341204,17.8258075763392,,0.316668220633916
BGD,Bangladesh,SAS,LMC,2024,450119424622.389,4.22325911250161,2593.41607390407,10.4657482763412,4.68,10.4611880382843,16.3168883010409,,0.335063462868199
BRN,Brunei Darussalam,EAS,HIC,2015,12930296852.4882,-0.392383487933529,30625.128732694,-0.488347420743483,7.726,52.2130112999105,37.6831770760633,,1.3247117972472
BRN,Brunei Darussalam,EAS,HIC,2016,11400266055.3232,-2.47791776520457,26663.2973199878,-0.278693265753081,8.574,49.5777773330629,37.7420239181075,,-1.32059047200932
BRN,Brunei Darussalam,EAS,HIC,2017,12128168046.7827,1.32872651318183,28024.3824618568,-1.2605056462896,9.316,49.5733065162321,35.6035538991208,,3.85818821533146
BRN,Brunei Darussalam,EAS,HIC,2018,13566908401.1864,0.0523710544736673,30988.1190497851,1.02505179290213,8.7,51.9332397479681,41.9648219488274,,3.80486552547671
BRN,Brunei Darussalam,EAS,HIC,2019,13469235348.2211,3.86884416432889,30426.5730284202,-0.390522069165538,6.6,57.9460406090157,50.5636178817246,,2.77118008258428
BRN,Brunei Darussalam,EAS,HIC,2020,12005799664.2691,1.13357340605403,26834.3592463839,1.94031996607182,7.409,57.3561113668496,52.9348921971137,,4.71057564880465
BRN,Brunei Darussalam,EAS,HIC,2021,14006496614.3195,-1.59076248075436,31006.9636220576,1.73341388450597,4.905,80.1689108263479,66.9542015818087,,1.47404982900134
BRN,Brunei Darussalam,EAS,HIC,2022,16681536442.5498,-1.62833154022366,36632.9280421411,3.68225030604211,5.191,86.3893570088471,60.5846090836886,,-1.73946797970418
BRN,Brunei Darussalam,EAS,HIC,2023,15095084686.1651,1.12764419161606,32890.5492465722,0.35706431153695,5.183,76.7032024347733,60.1602318660444,,-0.370504515490627
BRN,Brunei Darussalam,EAS,HIC,2024,15463134387.2013,4.20037273472056,33417.8357740437,-0.388674165036466,5.144,74.2982844367187,58.924934101365,,0.187950372293496
BTN,Bhutan,SAS,LMC,2015,2187815803.36833,6.66080128866197,2954.04081911097,4.54814395082206,2.45,31.5360910045004,58.1030694550492,-0.825435497564207,0.294858179551153
BTN,Bhutan,SAS,LMC,2016,2357504760.78592,8.47594339232963,3152.30905106786,3.21988689395717,2.705,27.1228339132394,49.2619189365981,-1.15428618957057,0.504099187674602
BTN,Bhutan,SAS,LMC,2017,2591358009.20276,2.08684522733067,3435.28804735662,4.95508366985128,3.016,28.4464080232377,48.3419936617844,-3.94365116799607,-0.638806366922729
BTN,Bhutan,SAS,LMC,2018,2583335721.85904,3.50187185732737,3400.20417245342,2.72396386183714,3.35,29.1897191930732,50.550001136535,-1.62107597908262,0.10255942689779
BTN,Bhutan,SAS,LMC,2019,2735683570.46155,5.75514851246506,3576.87987100503,2.72643037388829,2.72,31.4575032617598,44.6660134423907,1.45528910168817,0.475617042344246
BTN,Bhutan,SAS,LMC,2020,2457604333.90927,-10.2183974208569,3191.66906999331,5.62936522632511,5.03,28.0656355144502,43.7647155250135,-2.51661518400978,-0.113401528947433
BTN,Bhutan,SAS,LMC,2021,2768802960.11204,4.42136738945015,3570.61257980872,7.3468144053353,4.803,29.1987406924537,48.3837075785288,,0.244983575408047
BTN,Bhutan,SAS,LMC,2022,2898227743.75576,5.21386783786224,3711.32767981591,5.63916671396366,5.947,25.4988399587876,60.0723765638263,,0.289904655137253
BTN,Bhutan,SAS,LMC,2023,3019253885.46989,4.88259396253632,3839.4093039286,4.22934419929255,3.126,28.3283362040587,53.2361936472652,,0.394668641368077
BTN,Bhutan,SAS,LMC,2024,,,,2.76131569624095,2.856,,,,
CHN,China,EAS,UMC,2015,11280814787468.9,6.97878002657477,8175.33285077393,1.43702380935656,4.65,20.939064223381,17.7581206128424,,2.14957284731563
CHN,China,EAS,UMC,2016,11456024084962.0,6.77555562837017,8254.86859320357,2.00000182191942,4.56,19.2036507364961,16.9735199564108,,1.52539470315394
CHN,China,EAS,UMC,2017,12537559062282.9,6.8912663621211,8979.67652709856,1.59313600071433,4.47,19.3356301658109,17.6152224501166,,1.32468971748482
CHN,China,EAS,UMC,2018,14147765772963.8,6.75671800166833,10085.6638148819,2.07479039965575,4.31,18.7705198029033,18.1238645885115,,1.66361992284408
CHN,China,EAS,UMC,2019,14560167101283.4,6.06850235053705,10342.9009524335,2.89923416358229,4.56,18.055706959796,17.1437133141061,,1.28549226847992
CHN,China,EAS,UMC,2020,14996414166715.1,2.34018843078414,10627.4637989619,2.41942189457778,5.0,18.2035821684675,15.8353686179343,,1.68770756292082
CHN,China,EAS,UMC,2021,18201698719564.0,8.57008513166322,12887.4357242941,0.981015135544894,4.55,19.5262422245007,16.9944489517557,,1.8903454142588
CHN,China,EAS,UMC,2022,18316765021690.2,3.1341888719577,12970.6056414327,1.97357555739052,4.98,20.297731691419,17.1429881849395,,1.03841365474349
CHN,China,EAS,UMC,2023,18270356654533.2,5.41484330099675,12951.1782397043,0.23483682889306,4.67,19.1024717160831,17.0027206529743,,0.280991103634816
CHN,China,EAS,UMC,2024,18743803170827.2,4.9773565917572,13303.1481543868,0.218128938439166,4.571,20.02291663623,17.1755035026323,,0.0989988051182737
FJI,Fiji,EAS,UMC,2015,4682479893.97558,4.50120041028764,5097.53106864695,1.37488542621438,4.291,48.8367555799083,52.3522933763022,-0.715684611788568,4.38599233241205
FJI,Fiji,EAS,UMC,2016,4930213644.36653,2.44565179664174,5363.79026679243,3.86322538221276,4.319,46.6472413870702,50.5272491970504,-0.811924660299361,7.94325933214604
FJI,Fiji,EAS,UMC,2017,5353469174.47838,5.35336455965106,5826.84814459328,3.34757834757835,4.324,46.015565038712,51.0060974871323,-1.00877063529135,7.24021289135773
FJI,Fiji,EAS,UMC,2018,5581425327.44397,3.81235122208518,6085.41979485376,4.0814763764453,4.335,47.7487957741689,55.486624174387,-4.36534173892771,8.40038118168198
FJI,Fiji,EAS,UMC,2019,5444407198.13478,-0.581946709343811,5950.82866866702,1.77310182460277,4.373,48.4609021522354,58.9505619900298,-3.48060511130568,5.91952097606228
FJI,Fiji,EAS,UMC,2020,4432466219.87685,-17.0386673704039,4844.42127154524,-2.59524325887374,4.649,27.8295734109101,44.5140023698151,-11.9154128430823,5.40062182155247
FJI,Fiji,EAS,UMC,2021,4305031649.74189,-4.88103619598493,4696.17103944634,0.155855722131513,4.701,27.2533282681227,54.4718803291032,-13.1930731139691,9.52129029040505
FJI,Fiji,EAS,UMC,2022,4969503549.32096,19.7927266886699,5405.03006162671,4.52019266394958,4.446,48.1741153774177,69.3324442575567,-9.49254495226231,2.08434485529881
FJI,Fiji,EAS,UMC,2023,5442046552.96928,7.5242913513424,5888.73667332429,2.14817440623892,4.322,56.9664160531993,69.2127622999383,-4.00245585807109,1.67248054778839
FJI,Fiji,EAS,UMC,2024,5840564072.77313,3.82899888724594,6288.39867264416,4.51138256524156,4.307,,,,3.49256266104357
FSM,"Micronesia, Fed. Sts.",EAS,LMC,2015,316489900.0,4.62188400404939,2911.16211045292,-0.298115837381087,,27.0650027062475,78.2314696298365,11.1784082872787,
FSM,"Micronesia, Fed. Sts.",EAS,LMC,2016,325000000.0,0.484101802387045,2979.60119184048,-1.03746806405333,,28.2724,74.6122769230769,8.18830830769231,
FSM,"Micronesia, Fed. Sts.",EAS,LMC,2017,359000000.0,0.823045267489704,3279.10779039285,0.582253735254647,,30.6008077994429,72.5809192200557,13.0365760538735,
FSM,"Micronesia, Fed. Sts.",EAS,LMC,2018,392000000.0,0.0,3566.58690371125,1.49840023593732,,36.3735714285714,67.0332142857143,24.9859269984309,
FSM,"Micronesia, Fed. Sts.",EAS,LMC,2019,394000000.0,4.08163265306123,3572.65918282222,1.92385170787928,,26.7941370558376,69.0552538071066,18.0770375745048,
FSM,"Micronesia, Fed. Sts.",EAS,LMC,2020,372902690.041619,-1.67295417145529,3362.02793142215,0.554594630853189,,17.2494599040894,68.0603564355285,6.9273518981408,
FSM,"Micronesia, Fed. Sts.",EAS,LMC,2021,391601946.963072,3.09970457292135,3508.22356270221,3.19128406597464,,20.01828658104,67.2298240705189,,
FSM,"Micronesia, Fed. Sts.",EAS,LMC,2022,415956896.458884,-2.90586580595669,3710.12448453257,5.40874375479069,,21.7488640698477,65.9524586166146,,
FSM,"Micronesia, Fed. Sts.",EAS,LMC,2023,443916782.295594,0.482147762457146,3941.37247887414,,,28.3360992457907,69.9837024393307,,
FSM,"Micronesia, Fed. Sts.",EAS,LMC,2024,471425099.488675,0.719083511742554,4166.00476748564,,,27.4698992778408,69.1308121594466,,
GUM,Guam,EAS,HIC,2015,5799000000.0,0.825688073394488,35165.7014644795,,6.9,18.0720813933437,53.26780479393,,
GUM,Guam,EAS,HIC,2016,5901000000.0,0.18198362147406,35930.6594898711,,5.4,18.9628876461617,51.4489069649212,,
GUM,Guam,EAS,HIC,2017,6013000000.0,0.890099909173486,36779.0078903909,,5.418,18.9755529685681,50.291036088475,,
GUM,Guam,EAS,HIC,2018,6051000000.0,-0.828231904933389,37195.9503070464,,5.449,19.2530160304082,53.7101305569327,,
GUM,Guam,EAS,HIC,2019,6355000000.0,2.52360203340596,39274.9431424899,,5.401,22.2501966955153,55.8143194335169,,
GUM,Guam,EAS,HIC,2020,5916000000.0,-10.5188595714539,36482.9363953675,,6.248,6.40635564570656,57.2684246112238,,
GUM,Guam,EAS,HIC,2021,6234000000.0,2.0581832574708,38074.8793745801,,5.991,3.09592556945781,58.7423804940648,,
GUM,Guam,EAS,HIC,2022,6910000000.0,5.09986426216793,41833.1517132825,,5.454,7.88712011577424,63.9797395079595,,
GUM,Guam,EAS,HIC,2023,,,,,5.363,,,,
GUM,Guam,EAS,HIC,2024,,,,,5.586,,,,
HKG,"Hong Kong SAR, China",EAS,HIC,2015,309385622601.348,2.38778339545998,42432.1619740441,2.99084819322579,3.314,195.89760161449,193.508347649149,,58.5183725103253
HKG,"Hong Kong SAR, China",EAS,HIC,2016,320860317562.562,2.17543692765861,43734.1980702999,2.40930743862221,3.392,187.005128888725,184.722102884528,,41.5318364506118
HKG,"Hong Kong SAR, China",EAS,HIC,2017,341273289534.466,3.79611358119647,46160.429791493,1.49387243939528,3.124,188.902399636639,187.893267098083,,36.8375516616862
HKG,"Hong Kong SAR, China",EAS,HIC,2018,361731070995.726,2.84693457597662,48537.5668888343,2.40613432046534,2.805,188.339507002291,188.553266542735,,26.8255240590301
HKG,"Hong Kong SAR, China",EAS,HIC,2019,363074545072.389,-1.67239516545338,48359.0011950597,2.88320853773994,2.917,177.651315174364,176.092205965367,,16.0571325877868
HKG,"Hong Kong SAR, China",EAS,HIC,2020,344943149590.058,-6.54478320166854,46109.2299946609,0.25096202108081,5.808,176.304482446886,174.375222597563,,34.0497513548395
HKG,"Hong Kong SAR, China",EAS,HIC,2021,368954169748.818,6.4544247325683,49770.5642374739,1.56875834445923,5.174,204.014263732608,198.445417721854,,37.1838191639948
HKG,"Hong Kong SAR, China",EAS,HIC,2022,358679533984.718,-3.68375141698573,48825.8441873536,1.88136707196852,4.318,194.486518007141,190.394625216583,,34.127375983385
HKG,"Hong Kong SAR, China",EAS,HIC,2023,381066399066.208,3.21448901714471,50565.4647717265,2.09660511249086,2.949,176.786161373995,176.199686887378,,32.0116376159942
HKG,"Hong Kong SAR, China",EAS,HIC,2024,407106738445.069,2.5411975388228,54107.034521746,1.72972119105916,2.793,181.729012308179,177.673164530108,,28.745901527969
IDN,Indonesia,EAS,UMC,2015,860854232686.214,4.87632230022123,3288.22269725538,6.36312061196643,4.514,21.1601792598059,20.7774609817235,,2.29761639380441
IDN,Indonesia,EAS,UMC,2016,931877364037.698,5.03306918280177,3521.46943457574,3.52580452815451,4.301,19.0889938536664,18.3323479486654,,0.487372471368879
IDN,Indonesia,EAS,UMC,2017,1015618744159.73,5.06978590134916,3798.88326174526,3.80879857691949,3.783,20.1773044351106,19.17819263535,,2.01948919812582
IDN,Indonesia,EAS,UMC,2018,1042271532988.63,5.17429153955024,3860.95353090726,3.19834755924998,4.387,21.0027464972455,22.0715624579547,,1.81428979349441
IDN,Indonesia,EAS,UMC,2019,1119099871350.2,5.01928768046282,4106.94856160358,3.03058460941658,3.59,18.5915277970883,19.0362497386225,,2.23336204282241
IDN,Indonesia,EAS,UMC,2020,1059054842698.48,-2.06551182934165,3853.70288774146,1.91983527270797,4.255,17.3311682848923,15.6410071153504,,1.81058402027127
IDN,Indonesia,EAS,UMC,2021,1186509691086.73,3.70288562827751,4287.17313995098,1.56007882983335,3.827,21.4165556390653,18.7882026359018,,1.7878556314554
IDN,Indonesia,EAS,UMC,2022,1319101183380.15,5.30719722664799,4730.83484836107,4.20946463714783,3.462,24.5029116862832,20.9617585096621,,1.87264100861425
IDN,Indonesia,EAS,UMC,2023,1371169301563.62,5.04902331835997,4876.30774512252,3.6693865485976,3.308,21.7538472039177,19.5824396668474,,1.57116694173474
IDN,Indonesia,EAS,UMC,2024,1396300098190.97,5.03034469419038,4925.43048751861,2.18151273615187,3.3,22.18331286866,20.389334433174,,1.7265135652752
IND,India,SAS,LMC,2015,2103588360044.94,7.99625378571471,1583.99815907985,4.9069734412726,7.631,19.8131891564045,22.1097247094602,-2.77580962011863,2.09211521443253
IND,India,SAS,LMC,2016,2294796885663.16,8.25630550179086,1707.50892912243,4.94821634062135,7.601,19.1582349105946,20.9242508026814,-2.41851614428797,1.9373641224439
IND,India,SAS,LMC,2017,2651474262755.45,6.79538341897911,1950.10468280866,3.328173374613,7.618,18.7917648392982,21.9507321152243,-2.55426517252434,1.50731583255894
IND,India,SAS,LMC,2018,2702929641648.74,6.45385134497769,1966.25455171679,3.93882646691633,7.652,19.9278285988562,23.6891407335327,-2.30328908296065,1.55821483801455
IND,India,SAS,LMC,2019,2835606256558.19,3.87143694070356,2041.42863698585,3.72950573539127,6.51,18.664264897257,21.2411386333872,,1.78482633957161
IND,India,SAS,LMC,2020,2674851578587.27,-5.77772470686801,1907.04251637669,6.62343677628536,7.859,18.6824769296756,19.0756283996012,,2.40620322673636
IND,India,SAS,LMC,2021,3167270623260.47,9.68959249192875,2239.61384367482,5.13140747176368,6.38,21.3991583305515,24.0239304534931,,1.41217101040888
IND,India,SAS,LMC,2022,3346107287730.93,7.60936497768895,2347.44829434623,6.69903414079849,4.822,23.2515412045298,26.8237289453584,-5.10885108605465,1.49248825904
IND,India,SAS,LMC,2023,3638489096033.86,9.19075493028345,2530.12031278204,5.64914318907929,4.172,21.4486977833541,23.544144504402,,0.771919134264091
IND,India,SAS,LMC,2024,3912686168582.21,6.48422363033757,2696.66389984463,4.95303550973652,4.202,21.1781223210845,23.4929703141577,,0.69363736851848
JPN,Japan,EAS,HIC,2015,4444930651964.18,1.56062669680782,34960.6393843385,0.795279630579784,3.385,17.4367598376529,17.990648516827,,0.118161987748241
JPN,Japan,EAS,HIC,2016,5003677627544.24,0.753826745789127,39375.4731620781,-0.127258844489712,3.132,16.0579692360598,15.2522776095286,,0.818481615264516
JPN,Japan,EAS,HIC,2017,4930837369151.42,1.67533175173359,38834.0529341227,0.484199796126422,2.822,17.5914391047836,16.831774467385,,0.381319638034274
JPN,Japan,EAS,HIC,2018,5040880939324.86,0.643391023533141,39751.1330982711,0.989094598021811,2.467,18.3149455985223,18.2949862035848,,0.501685482403774
JPN,Japan,EAS,HIC,2019,5117993853016.51,-0.402169200894946,40415.9567649547,0.468776159383928,2.351,17.4635264275221,17.7528916808924,,0.780785313301259
JPN,Japan,EAS,HIC,2020,5054068005376.28,-4.16876457146743,40028.7341726762,-0.024995834027682,2.809,15.5331828643222,15.8020257724508,,1.23830386396694
JPN,Japan,EAS,HIC,2021,5039148168861.22,2.69657404187188,40094.5599795288,-0.23335277939831,2.828,18.1091919388618,18.629254289208,,0.695100892094565
JPN,Japan,EAS,HIC,2022,4262463317796.53,0.941998775483285,34065.6438962526,2.49770278172251,2.6,21.5464241239166,25.2665627129772,,1.12971840820325
JPN,Japan,EAS,HIC,2023,4213167237905.83,1.47503481053384,33836.1756271617,3.26813365933164,2.6,21.8515912402593,23.2992883238654,,0.47897443130528
JPN,Japan,EAS,HIC,2024,4026210821146.81,0.0836985643852159,32475.8924992191,2.73853681635243,2.563,,,,0.426561392377945
KHM,Cambodia,EAS,LMC,2015,24174170369.0738,7.20703472529512,1547.32010444393,1.22393195511124,0.393,55.9812203124044,66.1283765029746,-0.647250350886466,7.54029662001984
KHM,Cambodia,EAS,LMC,2016,26556545153.3573,7.90550116130704,1675.19555711109,3.01913975139129,0.716,56.4318377218234,66.2727178808437,-0.291953706009794,9.32318507305764
KHM,Cambodia,EAS,LMC,2017,29355665909.7905,8.07503915535979,1826.35391688754,2.91263557371475,0.141,56.3000536720904,64.8553976265984,-0.763289179219815,9.49760203098743
KHM,Cambodia,EAS,LMC,2018,33145892168.8958,8.77622376224463,2036.67377566578,2.45908515380142,0.13,55.4713973566208,62.9662580564288,0.277744469928899,9.69240300027112
KHM,Cambodia,EAS,LMC,2019,36685356407.7206,7.93695013588524,2225.87705485686,1.94257500833107,0.119,55.4468679729119,60.289811099536,1.6087980727405,9.98500044202808
KHM,Cambodia,EAS,LMC,2020,34818073901.4851,-3.55572193406549,2081.73914242939,2.94029514263971,0.172,59.9217979409609,62.1835984056075,-2.76165534794122,10.410239809326
KHM,Cambodia,EAS,LMC,2021,36790163687.4421,3.08984284151994,2167.40324198499,2.92073477592951,0.396,72.3610346435508,73.8188118661646,-5.16502013117614,9.4684591111041
KHM,Cambodia,EAS,LMC,2022,39994532959.6074,5.12990110767267,2325.03050040841,5.34370264895434,0.231,72.2070606780988,73.6665720833071,-0.366650655871787,8.94830125779534
KHM,Cambodia,EAS,LMC,2023,42335646895.7984,5.00733043812642,2429.74853452838,2.12746796594196,0.225,66.8926660552171,67.3141763407136,-3.3274342388848,9.35096701989758
KHM,Cambodia,EAS,LMC,2024,46352647034.7775,6.01581457354608,2627.8796974226,,0.27,71.3635841655888,72.0834255374222,,9.48089832066092
KIR,Kiribati,EAS,LMC,2015,191559398.688293,11.2653209431294,1639.85274740652,0.572015743634253,,13.957451247692,95.9316471542394,49.9212415817851,-0.427973964466896
KIR,Kiribati,EAS,LMC,2016,206467818.503227,7.08803465778669,1742.66799324117,1.91731090233377,,16.6172805546414,94.6525101946617,18.5661776301435,0.875179449056022
KIR,Kiribati,EAS,LMC,2017,222875736.343445,3.74911782642376,1853.05122713319,0.355520888546822,,13.2563087411954,87.3049382236315,14.2341534373067,0.352123235920718
KIR,Kiribati,EAS,LMC,2018,233514717.441266,3.47943972105872,1912.73809378187,0.564030491493486,,8.19035018888372,72.9271886812646,43.4195629951984,-0.490061067482829
KIR,Kiribati,EAS,LMC,2019,216985388.322754,3.26428756458257,1750.9977188915,-1.81307995302948,,14.9796668239413,81.6106439130296,16.9903163508097,-0.257289445431518
KIR,Kiribati,EAS,LMC,2020,220897998.732518,-1.46806718078108,1751.7823197053,2.55324554414634,,9.57872614520318,67.1302299679302,24.747874059139,1.18792060313951
KIR,Kiribati,EAS,LMC,2021,285259893.983064,8.47973787138213,2222.04829512346,2.05361676773904,,3.76704602532415,70.7512035527421,-2.82796458231949,0.361556595825097
KIR,Kiribati,EAS,LMC,2022,270040456.961045,4.56632593100372,2069.76720110559,5.34595440908903,,7.60658075917655,100.53707977747,-10.1264217748035,1.58130643644877
KIR,Kiribati,EAS,LMC,2023,288610732.190775,2.65201087489879,2177.70114080416,9.28307374517719,,5.92034144011283,101.666597363678,-1.44764802009132,1.77076668604008
KIR,Kiribati,EAS,LMC,2024,307862546.789627,5.26689926385046,2288.63458265531,,,6.27095072369876,94.8799200968287,,2.6222018430703
KOR,"Korea, Rep.",EAS,HIC,2015,1466038936206.43,2.80910326824133,28737.4391706499,0.706331772455743,3.546,42.989561527711,36.142932861381,0.764707678684593,0.279944815832785
KOR,"Korea, Rep.",EAS,HIC,2016,1499679823909.61,2.94688171508626,29280.4403170048,0.971685739912173,3.65,40.1326509111205,33.4711585544775,1.8774753129858,0.80712561488255
KOR,"Korea, Rep.",EAS,HIC,2017,1623074183501.9,3.15963574012777,31600.7358741365,1.94433230786365,3.653,40.9342069409884,36.1867108656532,1.8911283047861,1.10364025144874
KOR,"Korea, Rep.",EAS,HIC,2018,1725373496825.43,2.90740377377135,33447.1562836166,1.47583935002644,3.824,41.7132908430894,37.2755746703469,2.41582070323628,0.706084799750036
KOR,"Korea, Rep.",EAS,HIC,2019,1651422932447.77,2.24397786011012,31902.4169048194,0.383000303608088,3.746,39.2758610673609,36.4812778978581,0.0373518075137616,0.58339386057331
KOR,"Korea, Rep.",EAS,HIC,2020,1644312831906.17,-0.709415359397681,31721.2989141857,0.537288023411766,3.931,36.359590549146,32.6744545418102,-2.03801838303528,0.533043337613518
KOR,"Korea, Rep.",EAS,HIC,2021,1818432106880.04,4.30473481906969,35125.5224984723,2.4983333333334,3.639,41.8772295047804,38.3222274220465,-0.772437221443146,1.21315499855807
KOR,"Korea, Rep.",EAS,HIC,2022,1673916511799.71,2.61267219187226,32394.6833725203,5.0895136506284,2.857,48.2717642210409,48.2646450676456,-1.87883273769352,1.49617378306838
KOR,"Korea, Rep.",EAS,HIC,2023,1712792854202.37,1.35673324311098,33121.3712885508,3.59745625029012,2.675,43.9956698686696,43.9440093217037,-1.09836364060102,1.11176900074515
KOR,"Korea, Rep.",EAS,HIC,2024,,,,2.32174328643543,2.604,,,,
LAO,Lao PDR,EAS,LMC,2015,14426380125.6488,7.27006584373785,2121.01339097363,1.27735427102992,2.494,33.9522573081909,51.8460643954901,-3.74043086685088,7.47075777292731
LAO,Lao PDR,EAS,LMC,2016,15912501722.6143,7.02283625501138,2303.22156035363,1.59691227583207,2.881,33.209427456122,41.8824634642904,-4.87723191310791,5.87774436155716
LAO,Lao PDR,EAS,LMC,2017,17071155481.4994,6.8925308726989,2432.43059478511,0.825478607568033,3.268,,,-5.29352036618882,9.87799160512334
LAO,Lao PDR,EAS,LMC,2018,18141641089.7963,6.24796000755872,2545.1075420815,2.04039266890203,2.9,,,-4.26811031285315,7.4856486219066
LAO,Lao PDR,EAS,LMC,2019,18740561512.5555,5.4577350924848,2589.32081035237,3.32255881256922,2.537,,,-2.90542472003289,4.03149139231071
LAO,Lao PDR,EAS,LMC,2020,18981805250.2424,0.503031829018681,2583.77730696131,5.10407262959923,2.361,,,-5.17569180798898,5.09807193491087
LAO,Lao PDR,EAS,LMC,2021,18827148530.9347,2.52835100486102,2526.05105018529,3.75562036658876,2.066,,,-0.599816522473115,5.69344695957329
LAO,Lao PDR,EAS,LMC,2022,15468785203.7532,2.70742652643155,2046.40440255621,22.9562225132056,1.209,,,0.188998925477826,4.69509225789707
LAO,Lao PDR,EAS,LMC,2023,15843155731.2552,3.74568140158232,2066.94979776957,31.2301341732645,1.188,,,,11.2425630959408
LAO,Lao PDR,EAS,LMC,2024,16502933121.0806,4.25825724651581,2123.97909411797,23.1305695942589,1.218,,,,5.98958863576734
LKA,Sri Lanka,SAS,LMC,2015,85090301052.0465,4.20595547677647,4057.7158346231,3.76836783062097,4.519,19.8933838202255,27.0245869886561,-7.16643542646888,0.798746315198802
LKA,Sri Lanka,SAS,LMC,2016,88000211171.5956,5.05362488994436,4149.19190775593,3.95888846593072,4.242,19.8240360429518,26.6475009822669,-5.00476487024326,1.01937184461335
LKA,Sri Lanka,SAS,LMC,2017,94369350285.5814,6.46068127065753,4398.88828068715,7.70413767850602,4.046,20.2242000361133,26.9162097643511,-5.04940389363375,1.45462805347274
LKA,Sri Lanka,SAS,LMC,2018,94450015982.8405,2.31008425545845,4358.56095906047,2.13503773713198,4.318,21.4462486146411,28.363148137495,-5.01445077766799,1.70888696252002
LKA,Sri Lanka,SAS,LMC,2019,88998706296.5783,-0.220483886831275,4081.94772722003,3.52839358231813,4.67,21.8235309247363,27.6019929607237,-6.41956744427251,0.835367459152173
LKA,Sri Lanka,SAS,LMC,2020,84335574581.5072,-4.62451503749502,3847.60137695639,6.15394508391736,5.364,15.4576399173458,21.6314789399461,-13.3824109586826,0.514700552667608
LKA,Sri Lanka,SAS,LMC,2021,88556698937.7033,4.2074764951157,3996.96240014909,7.01478071238194,4.981,16.9214215895555,24.3074247396444,-11.6469711223034,0.66882570941316
LKA,Sri Lanka,SAS,LMC,2022,74143020262.8076,-7.34919301306745,3342.63650253855,49.7211021114328,4.528,21.5595624620967,25.1230455575852,-9.23055761448615,1.19249322228343
LKA,Sri Lanka,SAS,LMC,2023,83716142582.1945,-2.3298481898334,3798.89016573011,16.5411742279832,5.997,20.689136230194,22.8470940659011,-9.26455063160857,0.850285474860616
LKA,Sri Lanka,SAS,LMC,2024,98963185509.6499,5.00871930957159,4515.56787322732,-0.42936004906972,4.996,19.8863207168995,22.5111801542053,,0.769118886058675
MAC,"Macao SAR, China",EAS,HIC,2015,45048190598.3249,-21.5142932394829,70070.2918001631,4.56056338028167,1.81,78.5067332391829,39.9916043012666,13.8171481210315,1.07999340226639
MAC,"Macao SAR, China",EAS,HIC,2016,45070808688.9611,-0.679183617886864,69074.0363049212,2.36895749705903,1.939,76.6414870235109,35.5429811513443,11.4145289786371,4.12503965729769
MAC,"Macao SAR, China",EAS,HIC,2017,50383871120.8733,9.86005151357863,77704.9215312666,1.2281240405281,1.987,80.5341991834433,34.3915762610014,13.2739266261545,3.37608502461293
MAC,"Macao SAR, China",EAS,HIC,2018,55190661339.7796,6.40527915704645,83761.8171798142,3.00446293166944,1.834,82.6699616409331,33.1955190145603,13.3255779674543,3.13426157065491
MAC,"Macao SAR, China",EAS,HIC,2019,55082293844.1008,-2.5634151500998,81967.699172769,2.75193081051978,1.749,82.706393125478,31.9966707157961,14.4442181852297,11.784127030041
MAC,"Macao SAR, China",EAS,HIC,2020,25343525935.8358,-54.3361062745857,36976.2561071429,0.811410511491636,2.566,61.4680620928429,60.0323009221074,-21.4010963861146,-24.5284853077043
MAC,"Macao SAR, China",EAS,HIC,2021,30969334705.0515,23.5358913163209,45376.314586156,0.0264543647054027,2.229,90.9384251752539,76.750320660197,-12.8843481131104,18.16993862091
MAC,"Macao SAR, China",EAS,HIC,2022,24999113475.8368,-19.6093449325728,36909.9564090312,1.04502802369957,2.482,84.3901737400991,83.690848762294,-36.9196828831532,12.8057066056521
MAC,"Macao SAR, China",EAS,HIC,2023,45803067940.4072,75.0618571360857,67476.5290813306,0.476384495788051,2.235,91.3583589654724,50.651724212624,2.19220267937172,3.58791410563024
MAC,"Macao SAR, China",EAS,HIC,2024,50183212761.3484,8.80815968461638,73046.8890267079,,2.437,89.7521534090064,45.3691168667589,,7.03560984983285
MDV,Maldives,SAS,UMC,2015,4129505319.12921,3.8681353357138,9644.90655028145,0.953206658777646,6.604,76.4277887724561,67.2927178888456,-5.33300778955967,7.21577938190819
MDV,Maldives,SAS,UMC,2016,4409942623.85538,6.37528303066401,9947.80744731739,0.502509413611629,5.771,71.6136331301194,72.7665791488222,-8.36648324574108,10.3547618700189
MDV,Maldives,SAS,UMC,2017,4816426256.52914,7.07442871706306,10509.628805812,2.81747338234509,5.401,69.0594484485378,72.8526621264145,-1.56753701172977,9.50514529202919
MDV,Maldives,SAS,UMC,2018,5404344162.69888,8.56895559709454,11423.2838427029,-0.13337338611759,4.95,66.4483006480268,76.0428278985911,-4.04761092638694,10.6517647807373
MDV,Maldives,SAS,UMC,2019,5726094799.37709,6.92305980832566,11740.2724029785,0.220029731065378,4.562,65.5134179400092,71.6118129351757,-4.42533735780541,16.7834728448357
MDV,Maldives,SAS,UMC,2020,3712604583.36665,-32.9088287284425,7393.8886543933,-1.36977425569811,5.434,48.2411996300086,66.1207032743183,-17.8938176982094,11.8706880719155
MDV,Maldives,SAS,UMC,2021,5252457369.55218,37.5078700047075,10176.143882547,0.543149688736963,5.024,76.0989851624572,66.5083115338037,-10.1381452642395,12.238665987932
MDV,Maldives,SAS,UMC,2022,6177118113.94637,13.8260895306814,11786.0091545343,2.33314337624572,4.419,82.6709256667894,79.5726448524383,,11.8454763227133
MDV,Maldives,SAS,UMC,2023,6590894301.9579,4.72639195043021,12530.3602359683,2.92746542425037,4.241,74.3820820551026,75.6502878939771,,11.6347643942675
MDV,Maldives,SAS,UMC,2024,6975146349.42592,5.13396223082093,13215.5353637008,1.39979779674922,4.636,,,,11.5582383976793
MHL,Marshall Islands,EAS,UMC,2015,183700000.0,1.88574597892401,3764.34426229508,,,44.2421883505716,94.2476320087099,2.81188350582008,-2.9361124111434
MHL,Marshall Islands,EAS,UMC,2016,201800000.0,2.5040827436037,4229.80988911945,,,36.4933102081269,79.8330525272547,3.87907360406343,-1.51429506881848
MHL,Marshall Islands,EAS,UMC,2017,213700000.0,3.55815188528943,4592.83457628576,,,39.112915301825,86.0323350491343,4.37601216658851,2.73069605974974
MHL,Marshall Islands,EAS,UMC,2018,220000000.0,5.48717948717949,4858.12079054875,,,39.7257727272727,88.7565,2.55318181818182,4.43275061931595
MHL,Marshall Islands,EAS,UMC,2019,232900000.0,10.4521147301896,5292.33985502306,,,37.0618720480893,115.945856590812,-1.80410433662533,2.21765571320359
MHL,Marshall Islands,EAS,UMC,2020,241800000.0,-2.77288732394366,5661.96787336674,,,35.4884615384615,72.3375103391232,5.03391232423474,1.25933048526425
MHL,Marshall Islands,EAS,UMC,2021,258900000.0,1.22227252150293,6258.61193705127,,,46.3949787562766,71.2273464658169,,0.192903995113624
MHL,Marshall Islands,EAS,UMC,2022,253400000.0,-1.11806797853311,6322.82855503156,,,40.8176400947119,78.0176795580111,,1.0157498026835
MHL,Marshall Islands,EAS,UMC,2023,259300000.0,-3.93487109905021,6678.34239060448,,,38.9224450443502,71.2497878904744,,0.786529116853066
MHL,Marshall Islands,EAS,UMC,2024,280357844.229802,2.77096802231969,7466.65186507409,,,,,,0.607890963308683
MMR,Myanmar,EAS,LMC,2015,59607290407.6191,6.99284029026121,1166.73305546337,9.45417189525994,0.766,,,-4.2795824387262,6.85124098710894
MMR,Myanmar,EAS,LMC,2016,63298361996.2153,5.86247291518572,1229.19713515893,6.92882525816125,1.058,,,-2.99131707054716,5.17880132517466
MMR,Myanmar,EAS,LMC,2017,66053040483.0016,6.13610824360305,1272.82241830603,4.57253655317506,1.356,,,-5.80293950393008,7.27335555212816
MMR,Myanmar,EAS,LMC,2018,67860515989.517,6.26886221471075,1298.21310320785,6.87232865662918,0.767,,,-0.769422628121071,2.60563229851106
MMR,Myanmar,EAS,LMC,2019,75065106227.6892,6.57911006765414,1425.98954211903,8.82506696804562,0.407,,,-3.64201534156084,2.31211211194364
MMR,Myanmar,EAS,LMC,2020,79006113643.1906,-9.04834717984643,1490.21683548367,,1.476,,,,2.41393222885654
MMR,Myanmar,EAS,LMC,2021,66345291160.1683,-12.0163724829177,1242.72134419599,,4.34,,,,3.11492561696787
MMR,Myanmar,EAS,LMC,2022,62253049891.6449,4.0374934360085,1158.05005034332,,3.057,,,,1.98946076080719
MMR,Myanmar,EAS,LMC,2023,66757619000.0,0.958446625126115,1233.19666209269,,3.032,,,,2.27715131661601
MMR,Myanmar,EAS,LMC,2024,74079772652.4286,-0.97204641363362,1359.25961394135,,3.032,,,,1.47856420286151
MNG,Mongolia,EAS,UMC,2015,11619892590.6941,2.37983580731722,3838.92126989984,5.73568281938325,4.861,44.1840502346828,45.4696132431312,-4.76399889013465,0.811709460633853
MNG,Mongolia,EAS,UMC,2016,11181350649.3573,1.48978448679577,3619.90026383792,0.733272227314403,7.235,50.872194055814,50.1830431691832,-12.7636900829428,-37.1726532341221
MNG,Mongolia,EAS,UMC,2017,11480847740.736,5.63687638694772,3645.96708669551,4.30143105302339,6.359,59.1666792670253,56.7662226009379,-2.73539560474737,13.0160280600797
MNG,Mongolia,EAS,UMC,2018,13178094720.4986,7.74488062024881,4107.64288528468,6.82424790145522,5.377,58.1647822769264,68.1910909645864,3.48613717335996,14.8088797144773
MNG,Mongolia,EAS,UMC,2019,14206359017.5143,5.60224422064255,4347.54610314873,7.30106953550727,9.269,59.2172331806539,65.1792814405109,2.21701411423201,17.1989395200126
MNG,Mongolia,EAS,UMC,2020,13312981429.0891,-4.55775197583431,4001.25193077703,3.7237230614026,6.594,57.6603497340995,55.1782978952179,-9.57650915745536,12.9130799939653
MNG,Mongolia,EAS,UMC,2021,15286441737.6686,1.63676957736662,4517.61578018785,7.35894657888157,7.747,58.5488639540916,60.5492144836795,-5.90095440736784,14.217731942267
MNG,Mongolia,EAS,UMC,2022,17146471713.748,5.0327096366527,4993.51487463495,15.1509728200805,6.211,65.0613511558615,71.2665787886548,,14.6053065112102
MNG,Mongolia,EAS,UMC,2023,20325121393.9074,7.4221127615025,5838.63108083902,10.3503418210123,5.503,76.2571171270924,66.607129472089,,11.0581069914836
MNG,Mongolia,EAS,UMC,2024,23586055802.4517,4.86400143355705,6691.48209834228,6.20567819137862,5.424,69.1382654428279,69.7531976510472,,11.7958519380798
MNP,Northern Mariana Islands,EAS,HIC,2015,910000000.0,3.38345864661653,17665.1007493109,,,52.967032967033,69.7802197802198,,
MNP,Northern Mariana Islands,EAS,HIC,2016,1230000000.0,29.2121212121212,24225.474169342,,,71.7073170731707,81.1382113821138,,
MNP,Northern Mariana Islands,EAS,HIC,2017,1560000000.0,23.1707317073171,31225.6049960968,,,69.2948717948718,62.1153846153846,,
MNP,Northern Mariana Islands,EAS,HIC,2018,1301000000.0,-19.4973343488195,26509.3628379893,,,50.7302075326672,58.032282859339,,
MNP,Northern Mariana Islands,EAS,HIC,2019,1179000000.0,-11.4474929044465,24496.6652122421,,,42.4936386768448,62.25614927905,,
MNP,Northern Mariana Islands,EAS,HIC,2020,866000000.0,-29.0598290598291,18220.8382427201,,,14.7806004618938,64.203233256351,,
MNP,Northern Mariana Islands,EAS,HIC,2021,914000000.0,4.96987951807229,19455.50139424,,,6.01750547045952,72.8665207877462,,
MNP,Northern Mariana Islands,EAS,HIC,2022,1096000000.0,16.6427546628408,23785.754590043,,,22.2627737226277,70.8941605839416,,
MNP,Northern Mariana Islands,EAS,HIC,2023,,,,,,,,,
MNP,Northern Mariana Islands,EAS,HIC,2024,,,,,,,,,
MYS,Malaysia,EAS,UMC,2015,301355266964.947,5.09153242155011,9648.6797937523,2.10438980238356,3.1,69.4486908970754,61.9213815481844,-3.10170307600935,3.27094402931735
MYS,Malaysia,EAS,UMC,2016,301256033870.334,4.44978139761541,9476.53409809923,2.09056659525741,3.44,66.7754454542508,60.1235645714491,-3.02506666774165,4.47130958598651
MYS,Malaysia,EAS,UMC,2017,319109094160.343,5.81272240983328,9862.54806612235,3.87120115774237,3.41,70.011742508597,63.1434308633591,-2.88311934664985,2.9358203805856
MYS,Malaysia,EAS,UMC,2018,358788845712.53,4.84308697634881,10901.8019954421,0.884709160571202,3.3,68.554971419686,61.8476540824403,-3.62521350941104,2.31458721219734
MYS,Malaysia,EAS,UMC,2019,365177721021.516,4.41318742129586,10920.191763972,0.662891865764397,3.26,65.2777668428576,57.7507951850853,-3.37046863319047,2.50697705748044
MYS,Malaysia,EAS,UMC,2020,337456163961.211,-5.45684658426701,9957.52626697613,-1.13870215393055,4.54,61.5779359054349,55.2102465322035,-6.12655242933735,1.20275464255821
MYS,Malaysia,EAS,UMC,2021,373784823672.946,3.31534954399166,10903.1116425938,2.47710241465446,4.64,70.6330555493337,63.4029391413929,-6.37634853351347,5.41625984914689
MYS,Malaysia,EAS,UMC,2022,407605841348.235,8.86182187578046,11748.0919307944,3.37869862549933,3.93,76.8501886436659,69.6552296371211,-5.5323056215775,3.68689336269236
MYS,Malaysia,EAS,UMC,2023,399705137434.074,3.55548715410509,11379.0851923557,2.48886560125756,3.869,68.5819009768029,63.4824063018645,-5.00185296876804,1.98111065098392
MYS,Malaysia,EAS,UMC,2024,421972102253.57,5.11415547829091,11867.2586435443,1.834100204499,3.826,71.3546178043924,66.0117234014389,,3.69532630320574
NCL,New Caledonia,EAS,HIC,2015,8738203074.3957,,30858.7237060533,0.57050814104803,13.637,18.0691662889356,41.9776298064953,,13.777379969742
NCL,New Caledonia,EAS,HIC,2016,8724568954.89799,,30782.8544433514,0.578317435521155,12.714,19.2654863869492,38.7641297598898,,9.28207619845752
NCL,New Caledonia,EAS,HIC,2017,9174048681.98577,,32354.7102832901,,11.676,21.0077980936617,37.9203845284666,,5.30202255145123
NCL,New Caledonia,EAS,HIC,2018,9896402283.68587,3.99570728203879,34902.8968780031,,11.702,,,,3.46409998475039
NCL,New Caledonia,EAS,HIC,2019,9475655324.59495,-1.40000000198451,33411.3358835672,,10.88,,,,7.63514854874616
NCL,New Caledonia,EAS,HIC,2020,9454629467.91408,-2.40000000064407,33270.330597637,,13.558,,,,6.04707071747505
NCL,New Caledonia,EAS,HIC,2021,10071349663.8484,-2.09999999762849,35311.5543551452,,11.54,,,,7.88090550414583
NCL,New Caledonia,EAS,HIC,2022,9623318718.31459,3.49999999631376,33516.363085906,,10.71,,,,7.23562598706021
NCL,New Caledonia,EAS,HIC,2023,,,,,10.939,,,,
NCL,New Caledonia,EAS,HIC,2024,,,,,11.15,,,,
NPL,Nepal,SAS,LMC,2015,24360801286.7638,3.97605327162971,875.543635474862,7.86890895590899,10.644,10.2145885930146,36.4511417965013,0.929496130191996,0.213029527712984
NPL,Nepal,SAS,LMC,2016,24524109483.5293,0.433113719381524,877.256454696737,8.79034332004633,10.742,8.1795780409177,33.9359080838193,1.17666376842403,0.432212944008614
NPL,Nepal,SAS,LMC,2017,28971588940.364,8.97727935643466,1034.28374906846,3.62709610696607,10.66,7.81218865494721,36.8302219675524,-2.38581531514219,0.677439884182991
NPL,Nepal,SAS,LMC,2018,33111525237.149,7.62237610397933,1179.19843190389,4.0611633875107,10.559,7.81564102178754,40.6317459243192,-4.75425271249621,0.206157201926214
NPL,Nepal,SAS,LMC,2019,34186180699.0255,6.65705543110468,1203.14294706401,5.56868547784929,10.389,7.7799364745157,41.4695901129297,-4.79370576066754,0.542801979747667
NPL,Nepal,SAS,LMC,2020,33433659301.2466,-2.3696206292072,1154.21517578318,5.05236655289212,12.975,6.80529835464112,34.113575769703,-4.8968528613881,0.378739091402959
NPL,Nepal,SAS,LMC,2021,36924841394.2605,4.838149614115,1252.75076731986,4.14968003360264,12.186,5.11917148492798,37.934633306985,-4.00286706305707,0.531690906776232
NPL,Nepal,SAS,LMC,2022,41182939600.6209,5.6313145568451,1385.91066274851,7.6507917679853,10.844,6.70239086589236,42.2710106140504,,0.717813074577744
NPL,Nepal,SAS,LMC,2023,41047772331.0994,1.98254843628392,1382.33055769304,7.11475951738199,10.628,7.00596728087278,34.5641830124417,,0.311648825978252
NPL,Nepal,SAS,LMC,2024,42914268286.7109,3.66537430744968,1447.31004458428,,10.706,7.62189857137715,32.9079241058137,,0.362147783591601
NRU,Nauru,EAS,HIC,2015,84383388.6448573,2.69801727367511,7703.43149943923,,,71.9757769939104,129.162010769894,-1.31753594555403,
NRU,Nauru,EAS,HIC,2016,97276023.0784346,4.36324053905588,8724.30700255019,,,72.5859443303977,98.0284402812588,10.1365853850803,
NRU,Nauru,EAS,HIC,2017,108862278.516511,-6.01122998653516,9613.41209082575,,,60.271918073276,82.4408994335614,5.05637992697088,
NRU,Nauru,EAS,HIC,2018,130937589.753517,-1.21912201456978,11408.6947593898,,,54.7357932374749,85.9665030248932,26.1724648472763,5.88878211387622
NRU,Nauru,EAS,HIC,2019,124871111.377973,8.48673659193109,10776.8284610316,,,60.5348040613131,95.7327304354687,33.437627753476,1.75301264943444
NRU,Nauru,EAS,HIC,2020,124530027.301054,1.98181949377276,10695.6993301601,,,43.6380799686966,91.5107280967132,32.7572252203076,-2.67493616375631
NRU,Nauru,EAS,HIC,2021,175513984.500084,7.20659466591439,14989.6647450751,,,30.7962747704196,79.9218704677931,,3.83446116480187
NRU,Nauru,EAS,HIC,2022,152190818.868952,2.9515183463878,12896.4341046481,,,53.8750427878006,113.66452687421,,-5.92409319583358
NRU,Nauru,EAS,HIC,2023,151455967.735319,0.64641033466782,12754.1867566585,,,43.4313310349332,100.461899532602,,0.95492757016515
NRU,Nauru,EAS,HIC,2024,160350639.549467,1.76025162233491,13421.8330584638,,,39.4762621359081,118.715334803324,,-0.174536254290188
NZL,New Zealand,EAS,HIC,2015,178224167087.99,3.69036908387233,38665.3723018158,0.292704628136088,5.415,27.9337478332662,26.9175839010209,0.277694086528491,-0.0411688255414617
NZL,New Zealand,EAS,HIC,2016,189100085275.23,3.77911068354334,40113.7195382428,0.646240284454499,5.147,26.6113743203496,25.7948734939094,0.757913763082235,1.0619303911252
NZL,New Zealand,EAS,HIC,2017,206745969246.073,3.37873219470765,42950.3841711138,1.85078767452534,4.736,27.5634416584186,26.5798553832619,1.41502391949852,1.15602540847251
NZL,New Zealand,EAS,HIC,2018,211985631173.205,3.47058203866328,43257.0769238879,1.59829703801696,4.335,27.8656152284463,27.9008662614974,1.22358294111119,1.18710350117229
NZL,New Zealand,EAS,HIC,2019,213006341101.869,2.31747144034802,42779.2298164101,1.61963190184049,4.109,27.3298341875002,27.1244629883365,1.50653383521436,1.36885808151902
NZL,New Zealand,EAS,HIC,2020,213029554653.687,-0.307246896026541,41850.92032802,1.71456170007245,4.595,21.6971482843436,22.2800940018995,-5.35412354187468,1.94110136401944
NZL,New Zealand,EAS,HIC,2021,253977931814.967,4.53540565716095,49689.498134519,3.94112060778727,3.776,22.3098859845046,26.23136178058,-1.92474970415479,1.78752299153708
NZL,New Zealand,EAS,HIC,2022,249509991440.438,3.49638686458842,48760.0381935936,7.17222476016446,3.297,24.0473873191656,29.4287754464161,-3.45250675960897,3.34262941303518
NZL,New Zealand,EAS,HIC,2023,255194972673.122,1.39425181563566,48654.904227478,5.73316283034953,3.729,23.7150117429638,26.6914199360875,,1.40756582604372
NZL,New Zealand,EAS,HIC,2024,260235932558.996,-0.126462418567272,48747.0136853042,2.92279782301955,4.869,,,,1.29499721562314
PHL,Philippines,EAS,LMC,2015,306445871242.322,6.34830971672761,2909.85818010301,0.674192536845415,3.068,27.2080572390451,31.9335348662643,-1.27477763117229,1.84018010717942
PHL,Philippines,EAS,LMC,2016,318627003016.731,7.14945675000752,2985.19564024046,1.25369880080983,2.695,26.6730033435157,35.1030624218713,-2.18284875153649,2.59850803494211
PHL,Philippines,EAS,LMC,2017,328480736802.76,6.9309883258402,3038.12124959289,2.85318772590943,2.552,29.5522908546692,38.6160788880035,-2.11604990791584,3.12238778404896
PHL,Philippines,EAS,LMC,2018,346841896587.313,6.34148557153473,3168.51036609727,5.3093466162771,2.338,30.2136053733275,41.9497929256998,-3.09362405763237,2.86833826070497
PHL,Philippines,EAS,LMC,2019,376823402239.136,6.11852566221303,3400.78949767074,2.39206534422405,2.237,28.3829200126393,40.4589222469285,-3.28281151662665,2.30117498598294
PHL,Philippines,EAS,LMC,2020,361751145451.597,-9.51829474045297,3227.57910235199,2.39316239316239,2.522,25.2028393102032,32.966720992025,-7.44780323455511,1.88586363211171
PHL,Philippines,EAS,LMC,2021,394087359848.11,5.71473313185116,3484.38593882819,3.92718022100329,3.398,25.7520349160187,37.7325748976525,-8.2688026756757,3.04078855310045
PHL,Philippines,EAS,LMC,2022,404353369604.631,7.58098212785563,3548.06930572116,5.82115811213955,2.598,28.3874015457939,44.042282064966,-7.16087802703087,2.3475097233369
PHL,Philippines,EAS,LMC,2023,437055627244.424,5.51894967862863,3804.08274131097,5.97802515541414,2.222,26.6368493470555,40.7831199703412,-6.11030965760599,2.0421035482067
PHL,Philippines,EAS,LMC,2024,461617509782.355,5.69201612823412,3984.8315387656,3.21260487006343,2.153,25.7734411549927,40.1120313737041,,1.93446680873633
PLW,Palau,EAS,HIC,2015,278824800.0,8.19997983012814,15690.759707372,0.949040643697096,,53.1408612146409,78.0903635544614,5.17528605776818,12.403185852616
PLW,Palau,EAS,HIC,2016,298323500.0,-0.43998926755151,16762.5723436534,-1.04230533415081,,49.1883475488857,78.2189804021473,3.5737395813605,21.6734518065121
PLW,Palau,EAS,HIC,2017,285600000.0,-3.26001845520757,16034.1342914889,1.41798819666923,,46.3616596638655,81.5615896358543,4.66710224089636,16.7156862745098
PLW,Palau,EAS,HIC,2018,288546300.0,0.110008339571394,16197.7265072415,2.10970464135021,,41.9704913908097,74.9170237150849,6.17793921885084,17.5892049213592
PLW,Palau,EAS,HIC,2019,281941600.0,0.200015068654793,15841.1956399595,0.267379679144385,,37.9030976627784,77.1455507097924,-0.360176362764487,16.1494437145849
PLW,Palau,EAS,HIC,2020,258990800.0,-5.99943392532354,14556.5872302158,0.218181818181818,,23.5292527765465,83.7123171942787,-9.51423757137319,17.0118011913937
PLW,Palau,EAS,HIC,2021,235752900.0,-13.7938932190606,13257.2063206433,2.61248185776488,,6.77073325503101,73.9590902169178,,13.6083161649337
PLW,Palau,EAS,HIC,2022,255591100.0,-1.31842716655024,14392.2011374514,12.3526638378124,,13.4632230934489,74.2743389734619,,29.0953010492149
PLW,Palau,EAS,HIC,2023,281849100.0,1.87703198392599,15899.4246065324,12.8199748216534,,,,,28.346728799205
PLW,Palau,EAS,HIC,2024,,,,2.23172772921704,,,,,
PNG,Papua New Guinea,EAS,LMC,2015,21723437010.0982,6.57835632304275,2484.5963398603,5.99595778127105,2.503,,,-5.10537285250038,0.138228028178879
PNG,Papua New Guinea,EAS,LMC,2016,20758876952.6232,5.48957315278187,2316.39479758492,6.67372881355932,2.472,,,-4.73883271780891,-0.188417025477419
PNG,Papua New Guinea,EAS,LMC,2017,22742699138.356,3.53461081750459,2477.76530986323,5.42204568023833,2.569,,,-2.47463457177138,-0.788236305745218
PNG,Papua New Guinea,EAS,LMC,2018,24109780708.0268,-0.279252284959952,2566.36833735041,4.37448921453165,2.635,,,-2.57965940764231,1.27185526445477
PNG,Papua New Guinea,EAS,LMC,2019,24750626029.8777,4.48051456942582,2575.77274140393,3.92867290939596,2.634,,,-4.97595702058716,1.35581279394242
PNG,Papua New Guinea,EAS,LMC,2020,23848447849.6081,-3.16743204434815,2429.61134585269,4.87167398565552,2.883,,,-8.85225006544171,0.473794497066331
PNG,Papua New Guinea,EAS,LMC,2021,26109413521.3117,-0.511353418578196,2607.57861874444,4.48359014042398,3.003,,,-6.84440314809189,-0.131822921345615
PNG,Papua New Guinea,EAS,LMC,2022,31653185952.609,5.70758404238197,3102.28968594061,5.25323922215241,2.689,,,-5.25322587865155,3.76981381554657
PNG,Papua New Guinea,EAS,LMC,2023,30816367066.9594,3.81088622906051,2966.06830432055,2.29869991296791,2.661,,,-4.34341957656181,0.140519776766319
PNG,Papua New Guinea,EAS,LMC,2024,32538480023.9998,4.09502900203009,3076.48786186584,0.602403921107926,2.741,,,,-0.609485709240477
PRK,"Korea, Dem. People's Rep.",EAS,LIC,2015,,,,,2.896,,,,
PRK,"Korea, Dem. People's Rep.",EAS,LIC,2016,,,,,2.931,,,,
PRK,"Korea, Dem. People's Rep.",EAS,LIC,2017,,,,,2.846,,,,
PRK,"Korea, Dem. People's Rep.",EAS,LIC,2018,,,,,2.757,,,,
PRK,"Korea, Dem. People's Rep.",EAS,LIC,2019,,,,,2.782,,,,
PRK,"Korea, Dem. People's Rep.",EAS,LIC,2020,,,,,2.948,,,,
PRK,"Korea, Dem. People's Rep.",EAS,LIC,2021,,,,,3.0,,,,
PRK,"Korea, Dem. People's Rep.",EAS,LIC,2022,,,,,2.805,,,,
PRK,"Korea, Dem. People's Rep.",EAS,LIC,2023,,,,,2.831,,,,
PRK,"Korea, Dem. People's Rep.",EAS,LIC,2024,,,,,2.859,,,,
PYF,French Polynesia,EAS,HIC,2015,5325846361.81186,1.80334081452726,19166.9594761931,,11.789,19.613765074754,36.0167035606796,,0.488319553216919
PYF,French Polynesia,EAS,HIC,2016,5497036476.8031,2.30219823670438,19690.0775734589,,11.715,19.6126341083126,34.0038608344667,,1.11959443206211
PYF,French Polynesia,EAS,HIC,2017,5833352692.7995,4.29263363103487,20826.9312492172,,11.573,19.556958430367,35.0207320734508,,1.54351459172254
PYF,French Polynesia,EAS,HIC,2018,6135116253.33452,1.87123191091266,21925.616043938,,11.572,20.9791687502218,44.0354941009849,,0.0967844740802214
PYF,French Polynesia,EAS,HIC,2019,6022276196.13871,2.70001206709303,21582.5892046801,,11.565,20.5923590296429,42.7137533727575,,0.21140096510623
PYF,French Polynesia,EAS,HIC,2020,5574821989.38239,-7.05094422106298,19966.4838503859,,12.951,9.49972847640143,36.3334549622008,,-0.279061107774017
PYF,French Polynesia,EAS,HIC,2021,6150640646.38319,2.09452990658549,21982.9038942614,,12.531,13.1028013886068,38.5348070358659,,-0.416614324803192
PYF,French Polynesia,EAS,HIC,2022,5814661208.90544,4.46637969963146,20738.6499971661,,11.888,21.096822594212,46.1341436614809,,-0.163041313318142
PYF,French Polynesia,EAS,HIC,2023,6402221222.32749,2.99692707779566,22774.1418988734,,11.749,23.0725568214793,45.6355357008891,,-0.101465722198809
PYF,French Polynesia,EAS,HIC,2024,,,,,11.75,,,,
SGP,Singapore,EAS,HIC,2015,307998545269.398,2.97679931634806,55645.6068614606,-0.521975611895757,3.79,178.384608499682,151.08679044058,4.19835817762014,22.6541826890491
SGP,Singapore,EAS,HIC,2016,319646468521.497,3.74757848792792,57005.5887176547,-0.529809760375466,4.08,164.550664245506,138.288991801068,5.02918231492848,20.3766287562495
SGP,Singapore,EAS,HIC,2017,343673334902.33,4.47689915845876,61236.251270627,0.576763191180009,4.2,171.741625509838,145.05278377773,7.55868345346934,29.6706126230568
SGP,Singapore,EAS,HIC,2018,377123710560.614,3.4519759658687,66881.6067035265,0.438784215129628,3.613,178.198251436118,148.398335850632,4.77389712712547,22.1183772606386
SGP,Singapore,EAS,HIC,2019,376161998830.048,1.30804118153127,65952.0378959293,0.567829988405464,3.1,176.891299992751,147.50368512255,7.42945282993208,28.3315504321637
SGP,Singapore,EAS,HIC,2020,349165858544.568,-3.81470885510713,61410.0792630788,-0.172111865925357,4.1,181.782024531778,150.258780950135,-7.37005215742982,22.841082837391
SGP,Singapore,EAS,HIC,2021,436591382250.464,9.7568044629903,80056.1288247844,2.31610315765142,4.64,182.710806574886,146.450577108876,1.66529328365432,33.3045808694371
SGP,Singapore,EAS,HIC,2022,509017841146.557,4.10800021897151,90299.0694637269,6.13095418919736,3.591,186.114290787201,146.235276967639,1.51139487331021,29.414237864711
SGP,Singapore,EAS,HIC,2023,505439514078.019,1.82140694115385,85412.230345235,4.83372362825795,3.444,181.561322405378,144.131901648402,,26.2141035698283
SGP,Singapore,EAS,HIC,2024,547386645891.847,4.38802362461865,90674.066632628,2.38951123595021,3.182,178.776286814392,143.595141120325,,27.7575647897243
SLB,Solomon Islands,EAS,LMC,2015,1307909887.55212,1.67614615649777,2045.47889485251,-0.574469286359497,0.735,40.3605204942183,47.8278930030816,0.808428308758558,2.46368108921111
SLB,Solomon Islands,EAS,LMC,2016,1379490304.2254,5.55473153366954,2082.62989047871,0.512485626268804,0.734,39.7285761190763,45.8210207580898,-3.558216750757,2.70705945922303
SLB,Solomon Islands,EAS,LMC,2017,1469789119.08756,3.07534803424636,2143.57465243959,0.488686760261009,0.725,38.6791801808019,43.5183907252778,-2.27147426051964,2.91769581574238
SLB,Solomon Islands,EAS,LMC,2018,1615478393.28614,2.74599542334096,2278.20633913383,3.46147484973737,0.72,42.1262386063781,46.3684411267913,1.48748790886353,1.54706752007295
SLB,Solomon Islands,EAS,LMC,2019,1619155017.3924,1.74856655451832,2223.66502559565,1.63485544012245,0.743,36.4969019192988,46.5014356959347,-1.52408947037938,2.02495081496878
SLB,Solomon Islands,EAS,LMC,2020,1536145814.17007,-3.3811475409836,2063.33101522108,2.96354992076063,0.864,27.9384956804312,32.2818419592613,-2.43788908482849,0.584582977675926
SLB,Solomon Islands,EAS,LMC,2021,1522794913.0914,2.56434975416948,1996.86976779348,-0.115437894412806,0.884,27.1748908261232,39.464516445593,-4.00960473602002,1.83340987016897
SLB,Solomon Islands,EAS,LMC,2022,1566360686.10632,2.40248143622522,2005.4139933198,5.51812928576935,1.483,26.2867431210615,51.7491878351403,-2.94109342252143,2.59958214293393
SLB,Solomon Islands,EAS,LMC,2023,1660896530.71894,2.65636186734713,2076.10768772563,5.88585897042163,1.455,,,,4.75017165613828
SLB,Solomon Islands,EAS,LMC,2024,1760767447.17461,2.53934191702432,2149.37957267304,4.32183948388033,1.47,,,,1.87229498173703
THA,Thailand,EAS,UMC,2015,401296238228.084,3.13404724911635,5688.85335397884,-0.90042496329158,0.597,67.6366902705865,57.2029718819397,-0.0467075161175335,2.22468548959784
THA,Thailand,EAS,UMC,2016,413366349747.508,3.43515771692182,5833.57715617098,0.188149704448176,0.688,67.0708839693011,53.5043433198287,0.28079973308049,0.843364340718618
THA,Thailand,EAS,UMC,2017,456356813536.764,4.1776810321001,6413.09182530343,0.66563189313511,0.83,66.6728324663767,54.2185949672612,-0.750170554438543,1.81550260101987
THA,Thailand,EAS,UMC,2018,506754208404.485,4.22287028746071,7099.77650081458,1.06389754183025,0.765,64.838096899332,56.0037678316517,-0.382207288425559,2.71279835138662
THA,Thailand,EAS,UMC,2019,543976691793.886,2.11455779628278,7605.69657797759,0.706728601314275,0.716,59.5188906218859,50.1706240932801,0.0188882920721878,1.01734877580041
THA,Thailand,EAS,UMC,2020,500461898480.246,-6.05003846851622,6985.64393892574,-0.845937147357064,1.099,51.4944266088919,46.3063166376258,-4.49520181695474,-0.857989527274493
THA,Thailand,EAS,UMC,2021,506194668789.937,1.55216608426647,7057.20754802279,1.23039541318384,1.215,58.5593891849287,58.6935554359232,-7.0527505386362,3.04025282072429
THA,Thailand,EAS,UMC,2022,495644697587.661,2.58037874709827,6909.35281815827,-1.6106803048669,0.94,65.3727641914083,67.485947891463,-4.8611386912151,2.39179841841837
THA,Thailand,EAS,UMC,2023,515906283940.933,2.01775095328327,7195.10130919449,8.47805174421546,0.733,65.4445629404008,63.3795512119745,-2.26431942587431,1.26302894982683
THA,Thailand,EAS,UMC,2024,526411265427.683,2.52596175771495,7345.13569000377,1.3658054079804,0.693,70.0638885497948,66.7108565429759,,1.91850907126753
TLS,Timor-Leste,EAS,LMC,2015,1590282400.0,2.48004040218397,1319.59297370991,0.552796026277853,3.678,3.05030729133392,57.02661363793,8.0921814263932,2.70363930330864
TLS,Timor-Leste,EAS,LMC,2016,1640464600.0,3.00993062553351,1335.54390089814,-1.33853876185165,4.657,3.15642288166413,57.1541988775619,-52.8496005232907,0.33397246121617
TLS,Timor-Leste,EAS,LMC,2017,1584878400.0,-3.18241522489195,1266.17767952941,0.557215537430361,4.248,2.40901131594702,56.2257394636712,-12.2581411706753,0.42375096203898
TLS,Timor-Leste,EAS,LMC,2018,1555988614.43594,0.000114754914861237,1219.46599728983,2.63647201015897,3.778,2.93153173338197,61.8876507877973,-2.82150535631722,3.08007810122631
TLS,Timor-Leste,EAS,LMC,2019,2032550389.41316,23.4120135843883,1562.36458068032,0.958812739703131,3.097,21.2143178464812,49.3999265764771,5.73489697827879,-7.79447354365124
TLS,Timor-Leste,EAS,LMC,2020,2162619240.86927,31.961918565387,1630.86938521256,0.495499215459576,2.782,36.6662140526074,48.0840954500164,-13.4053016926756,-30.2595539450453
TLS,Timor-Leste,EAS,LMC,2021,3624889673.07263,5.31553853667641,2684.82702378987,3.69792094666786,2.344,63.5151468775163,36.3522760372188,-6.80881386980229,-10.1121257653906
TLS,Timor-Leste,EAS,LMC,2022,3208593982.01071,-20.5415847471733,2343.24523350389,7.00530945399787,1.537,55.6120534416076,42.0098681091243,1.58562425832768,-8.42319217915231
TLS,Timor-Leste,EAS,LMC,2023,2079916909.49485,-18.1247909563732,1502.51964514186,8.42035103310375,1.521,22.9254879280638,66.3751034331123,,3.05104143241536
TLS,Timor-Leste,EAS,LMC,2024,1881265333.4187,-2.18912155633342,1343.14886031844,2.06284153005467,1.603,,,,12.3430637392078
TON,Tonga,EAS,UMC,2015,437525538.903019,1.11374402398066,4123.90347238813,-1.05399831971284,2.024,16.9401125903063,64.4140528511037,0.0233975820226145,3.37347751536217
TON,Tonga,EAS,UMC,2016,420828254.541601,6.59869879417958,3987.98618837043,2.57815515245078,2.046,21.6622028615645,63.2290509593877,2.48718728521231,3.95057720592388
TON,Tonga,EAS,UMC,2017,459976847.108128,3.20231976224244,4365.92929788648,7.51706283551121,2.131,22.1761359825348,65.8673566030488,3.64183319713299,-3.40708332363142
TON,Tonga,EAS,UMC,2018,489714529.780507,0.687546506680718,4638.8978542585,5.03209691984879,2.248,21.3767137575036,66.073598200326,2.99793885740099,4.73966106501329
TON,Tonga,EAS,UMC,2019,494197853.971842,-0.208433391421963,4676.84802517145,1.17954334821804,2.157,22.7656694071931,67.5491036955691,3.27779003132412,-1.23601848444957
TON,Tonga,EAS,UMC,2020,496856303.949489,1.78339589901164,4700.44940541029,-0.349737696727462,2.699,20.0904225442671,63.36756980308,5.33274323884827,0.76972856755361
TON,Tonga,EAS,UMC,2021,518228028.701685,0.362604273010447,4912.57966349119,5.64051140636744,2.111,11.0825398562652,55.0917534012029,-0.870227939598099,0.0498791175168437
TON,Tonga,EAS,UMC,2022,518180029.413435,-2.3098644452046,4933.07466930785,10.9713652903022,2.302,11.5596393402516,63.7555896484468,-0.876465892950587,0.561880389995766
TON,Tonga,EAS,UMC,2023,508735107.033734,2.08415583636545,4863.76384632192,6.35112980255185,2.262,18.7507071574942,75.3864432856948,6.11056554220359,0.968320225820455
TON,Tonga,EAS,UMC,2024,,,,3.18364611260053,2.192,,,,
TUV,Tuvalu,EAS,UMC,2015,36811936.0824587,10.4166666666667,3357.83417700071,,,,,,0.81495306122449
TUV,Tuvalu,EAS,UMC,2016,41629064.2232388,5.66037735849056,3808.69755015909,,,,,,0.720650357142857
TUV,Tuvalu,EAS,UMC,2017,45276595.3533146,2.44839285714286,4165.66338700106,,,,,,0.662593990689801
TUV,Tuvalu,EAS,UMC,2018,48015259.8751356,1.38728384151602,4466.12034928245,,,,,,0.622427121663383
TUV,Tuvalu,EAS,UMC,2019,54123198.5662913,13.8220984406966,5115.13075950206,,,,,,0.552184660028822
TUV,Tuvalu,EAS,UMC,2020,51746594.3148543,-4.27493206901397,4976.11254109571,,,,,,0.193249432786911
TUV,Tuvalu,EAS,UMC,2021,60196405.7138393,1.8041359113616,5905.08198095343,,,,,,0.331298850213827
TUV,Tuvalu,EAS,UMC,2022,59065982.0873657,0.677309361438304,5911.32727055301,,,,,,0.337639353401454
TUV,Tuvalu,EAS,UMC,2023,62280311.5852172,3.85280919517032,6344.7750188689,,,,,,0.267002517757908
TUV,Tuvalu,EAS,UMC,2024,,,,,,,,,
VNM,Viet Nam,EAS,LMC,2015,239258328381.741,6.98715430598611,2577.56885340113,0.63120090517572,1.848,72.9228518369495,71.9913763582877,,4.93190773329022
VNM,Viet Nam,EAS,LMC,2016,257096001177.982,6.69000892660424,2735.0604380416,2.66824816969081,1.848,74.1072862556183,71.3022217174998,,4.90089302916746
VNM,Viet Nam,EAS,LMC,2017,281353605986.903,6.94019037359206,2956.10992127753,3.52025688811621,1.874,81.7625218355655,79.2175618233041,,5.01148721749681
VNM,Viet Nam,EAS,LMC,2018,310106478394.659,7.46500685572751,3222.31003125366,3.53962805942638,1.161,84.4234560833365,80.2404806925565,,4.99828319622328
VNM,Viet Nam,EAS,LMC,2019,334365270496.667,7.35926270105006,3440.90025375434,2.79582367452249,1.681,85.1575874073411,79.5466276240668,,4.821074861051
VNM,Viet Nam,EAS,LMC,2020,346615738537.796,2.86541320912272,3534.03953482647,3.22093436652516,2.103,84.381598008957,78.8642648059779,,4.55836196782424
VNM,Viet Nam,EAS,LMC,2021,366474752771.009,2.55372852648131,3704.1935590038,1.83471554810446,2.385,93.8502071275575,92.8256257092568,,4.27314566190187
VNM,Viet Nam,EAS,LMC,2022,413445230668.578,8.53750046755788,4147.69777213621,3.15650749963127,1.523,93.420129043511,89.7334901043249,,4.32947308910883
VNM,Viet Nam,EAS,LMC,2023,433857681378.291,5.06502391455075,4323.35031982451,3.25289282667661,1.645,86.4674192371297,78.3506520327642,,4.26407109843686
VNM,Viet Nam,EAS,LMC,2024,476388230307.175,7.09118746633975,4717.29028732449,3.62109273885847,1.431,,,,4.23394171325231
VUT,Vanuatu,EAS,LMC,2015,759690180.951654,3.96591946444873,2854.89412272653,2.48326875660444,5.254,44.2873016256431,64.4713640426097,8.17506085412691,4.08340749314985
VUT,Vanuatu,EAS,LMC,2016,804323576.861028,3.47154471544715,2956.12644801489,0.842069084035058,5.261,47.4423775630666,58.9095577026671,7.07032671663859,5.49263637992702
VUT,Vanuatu,EAS,LMC,2017,880043284.399407,4.41266598569969,3159.86055790126,3.08452624403545,5.287,47.6609019149093,57.8656717990873,-1.72822263007577,4.34327388667744
VUT,Vanuatu,EAS,LMC,2018,914727908.137793,2.90023027256446,3206.65748718811,2.33096379566871,5.326,56.6105327921724,54.0691270305941,6.38241336644471,4.10870468514392
VUT,Vanuatu,EAS,LMC,2019,936526267.622513,3.24118765540442,3207.44650452083,2.76252019386107,5.444,50.3452768729642,49.0376919497441,5.32292909260121,5.64318738616692
VUT,Vanuatu,EAS,LMC,2020,909421043.508407,-4.99249142889525,3042.98711598286,5.32935073101714,4.046,18.4734439478123,51.4414508858371,-2.82753099715045,4.52584159327415
VUT,Vanuatu,EAS,LMC,2021,982362211.918412,-1.55229489129462,3211.71947349318,2.34328358208955,4.766,9.24275962128681,48.7583936310709,0.199298243150239,4.38285581654607
VUT,Vanuatu,EAS,LMC,2022,1030654208.30053,5.18622862422562,3292.34108821237,6.67930581887123,5.143,9.64841450079906,55.4554630330558,-5.3633246513584,1.03768879308797
VUT,Vanuatu,EAS,LMC,2023,1126313359.21923,-0.964792281661744,3515.23633611798,11.1825017088175,5.082,,,0.703001419967501,0.822910420455731
VUT,Vanuatu,EAS,LMC,2024,1161251868.03498,3.96725830607052,3542.81071592874,,5.064,,,,2.48542463478136
WSM,Samoa,EAS,UMC,2015,824150498.653536,3.8503618166494,4084.36083819933,0.724470134874755,8.9,27.1409467284846,47.4934082767028,-3.50750400906731,3.26002743040368
WSM,Samoa,EAS,UMC,2016,843924796.697421,7.9838628784713,4147.07097674888,1.30471869303183,9.062,28.7780203174489,46.4337971498413,0.678832705071438,0.298684612802242
WSM,Samoa,EAS,UMC,2017,884844384.463214,1.40628239971301,4307.59381964907,1.74989677484703,9.4,29.6622754715207,44.3488052893128,2.7570522645452,1.04146807605773
WSM,Samoa,EAS,UMC,2018,878448433.404342,-0.609647103380141,4231.81409469194,4.19745888663753,8.639,31.9656782036393,46.9692902258758,0.96301497527701,1.90261035583233
WSM,Samoa,EAS,UMC,2019,912950466.064906,4.45185891688691,4351.94234943706,0.982326569888101,7.838,35.033330142378,48.2977494392677,4.40702030995606,-0.238656491573744
WSM,Samoa,EAS,UMC,2020,868898358.266437,-3.10844401053139,4099.6600907147,-1.56891247740897,7.435,29.1959598665689,48.2876401292505,7.63842368006909,0.509390076919905
WSM,Samoa,EAS,UMC,2021,843923638.733018,-7.07883094291508,3947.64517905415,3.13320473174495,6.612,11.6856900452437,49.2031956067828,0.983685124951082,1.06039506939649
WSM,Samoa,EAS,UMC,2022,832945205.637185,-5.30629089966979,3869.46639492144,10.9618822286844,5.048,12.2663826209512,52.7167977064992,6.55918336929622,0.576323080112089
WSM,Samoa,EAS,UMC,2023,938189443.830393,9.20864923964689,4330.17840531329,7.92164684826778,4.977,28.7537995890581,61.9036809736442,4.88578527462634,0.255376458535088
WSM,Samoa,EAS,UMC,2024,1068025243.63929,9.42235044158694,4898.77140817676,2.17245530514378,4.551,29.3155087694974,53.8161540870562,,0.350274164551316
